Alabama_x,Alabama_y
1.0,-0.20889867122208305
-0.20889867122208305,1.0
