Alaska_x,Alaska_y
1.0,-0.0037304582922850988
-0.0037304582922850988,1.0
