Arizona_x,Arizona_y
1.0,-0.5540374286724759
-0.5540374286724759,1.0
