Arkansas_x,Arkansas_y
1.0,-0.4859698431926527
-0.4859698431926527,1.0
