California_x,California_y
1.0,-0.5459910450971684
-0.5459910450971684,1.0
