Colorado_x,Colorado_y
1.0,0.06902369251677637
0.06902369251677637,1.0
