Connecticut_x,Connecticut_y
1.0,0.17968172387230386
0.17968172387230386,1.0
