Delaware_x,Delaware_y
1.0,0.15872875324250466
0.15872875324250466,1.0
