Florida_x,Florida_y
1.0,-0.04126798275120647
-0.04126798275120647,1.0
