Georgia_x,Georgia_y
1.0,-0.5226713350408357
-0.5226713350408357,1.0
