Hawaii_x,Hawaii_y
1.0,0.5825078379444761
0.5825078379444761,1.0
