Idaho_x,Idaho_y
1.0,-0.13862779839264758
-0.13862779839264758,1.0
