Illinois_x,Illinois_y
1.0,0.5300568985224472
0.5300568985224472,1.0
