Indiana_x,Indiana_y
1.0,0.25835416445446585
0.25835416445446585,1.0
