Iowa_x,Iowa_y
1.0,0.08214821418788126
0.08214821418788126,1.0
