Kansas_x,Kansas_y
1.0,-0.10698472053149966
-0.10698472053149966,1.0
