Kentucky_x,Kentucky_y
1.0,-0.39487084213123563
-0.39487084213123563,1.0
