Louisiana_x,Louisiana_y
1.0,-0.11428180898886851
-0.11428180898886851,1.0
