Maine_x,Maine_y
1.0,0.23386163777937446
0.23386163777937446,1.0
