Maryland_x,Maryland_y
1.0,0.6539055016829539
0.6539055016829539,1.0
