Massachusetts_x,Massachusetts_y
1.0,0.6145148149889399
0.6145148149889399,1.0
