Michigan_x,Michigan_y
1.0,0.6661178906813581
0.6661178906813581,1.0
