Minnesota_x,Minnesota_y
1.0,0.7564167412785616
0.7564167412785616,1.0
