Missouri_x,Missouri_y
1.0,-0.014565701859216667
-0.014565701859216667,1.0
