Mississippi_x,Mississippi_y
1.0,-0.4446699863439156
-0.4446699863439156,1.0
