Montana_x,Montana_y
1.0,-0.29228139648355767
-0.29228139648355767,1.0
