Nebraska_x,Nebraska_y
1.0,-0.028659539269539097
-0.028659539269539097,1.0
