Nevada_x,Nevada_y
1.0,-0.3359977670768126
-0.3359977670768126,1.0
