New Jersey_x,New Jersey_y
1.0,0.5291860760621038
0.5291860760621038,1.0
