New Mexico_x,New Mexico_y
1.0,-0.36726351979974686
-0.36726351979974686,1.0
