New York_x,New York_y
1.0,0.3377579420381715
0.3377579420381715,1.0
