North Carolina_x,North Carolina_y
1.0,-0.052614350361748725
-0.052614350361748725,1.0
