North Dakota_x,North Dakota_y
1.0,0.3457756673811616
0.3457756673811616,1.0
