Ohio_x,Ohio_y
1.0,0.09661060577837392
0.09661060577837392,1.0
