Oklahoma_x,Oklahoma_y
1.0,0.07644347913536567
0.07644347913536567,1.0
