Oregon_x,Oregon_y
1.0,0.2776960666143491
0.2776960666143491,1.0
