Pennsylvania_x,Pennsylvania_y
1.0,0.5797814005817579
0.5797814005817579,1.0
