Puerto Rico_x,Puerto Rico_y
1.0,0.6129432937928958
0.6129432937928958,1.0
