Rhode Island_x,Rhode Island_y
1.0,-0.05111691536668021
-0.05111691536668021,1.0
