South Carolina_x,South Carolina_y
1.0,-0.32632383196405756
-0.32632383196405756,1.0
