South Dakota_x,South Dakota_y
1.0,0.20415005197377664
0.20415005197377664,1.0
