Tennessee_x,Tennessee_y
1.0,-0.1300243065566784
-0.1300243065566784,1.0
