Texas_x,Texas_y
1.0,-0.4190472399283717
-0.4190472399283717,1.0
