United States_x,United States_y
1.0,0.20400515855643456
0.20400515855643456,1.0
