Utah_x,Utah_y
1.0,-0.27970966910240624
-0.27970966910240624,1.0
