Vermont_x,Vermont_y
1.0,0.4359061544729096
0.4359061544729096,1.0
