Virginia_x,Virginia_y
1.0,0.26897734803835394
0.26897734803835394,1.0
