Washington_x,Washington_y
1.0,0.4060181410512691
0.4060181410512691,1.0
