West Virginia_x,West Virginia_y
1.0,0.7508806500463792
0.7508806500463792,1.0
