Wisconsin_x,Wisconsin_y
1.0,0.06420446633296291
0.06420446633296291,1.0
