Wyoming_x,Wyoming_y
1.0,0.03143606800558338
0.03143606800558338,1.0
